{
    "commits": {
        "68c1415": {
            "message": "Correct pages repo",
            "timestamp": "2020-09-08T16:48:11Z"
        }
    },
    "AverageFPS": {
        "rtOn": [
            1509.9375
        ],
        "rtOff": [
            1509.6036376953125
        ],
        "commitIDs": [
            "68c1415"
        ]
    },
    "PeakMemoryUsage": {
        "rtOn": [
            747.4872436523438
        ],
        "rtOff": [
            735.7562866210938
        ],
        "commitIDs": [
            "68c1415"
        ]
    }
}